id,content,rating,time
DPX1-0001,外观很精致，机身握感舒服，第一次开机就觉得屏幕显示很通透，整体很满意,5,2026-04-01 09:12:00
DPX1-0002,拍照清晰度比我之前的手机好很多，夜景噪点少，发朋友圈不用再修半天,5,2026-04-01 10:35:00
DPX1-0003,续航表现不错，早上出门到晚上回家还有三成电，重度使用也比较安心,5,2026-04-01 14:20:00
DPX1-0004,物流速度很快，包装没有磕碰，赠品也都齐全，开箱体验很好,5,2026-04-02 08:46:00
DPX1-0005,系统运行很流畅，多个应用切换没有明显卡顿，日常办公和看视频都够用,5,2026-04-02 11:18:00
DPX1-0006,屏幕亮度高，在户外看导航也能看清楚，色彩看起来比较自然,5,2026-04-02 16:04:00
DPX1-0007,充电速度很快，洗漱一会儿就能补不少电，对我这种经常忘记充电的人很友好,5,2026-04-03 09:55:00
DPX1-0008,手机重量控制得不错，长时间刷视频手腕不会太累，做工也扎实,5,2026-04-03 13:40:00
DPX1-0009,相机人像模式虚化自然，肤色没有过度美颜，家里人都说拍出来好看,5,2026-04-03 20:11:00
DPX1-0010,客服回复很及时，帮我解释了换机资料迁移方法，服务态度值得表扬,5,2026-04-04 09:27:00
DPX1-0011,性能比预期好，游戏画面稳定，打了一个小时也没有明显掉帧,5,2026-04-04 15:33:00
DPX1-0012,扬声器音量够大，看短视频和听播客都清楚，外放没有破音,4,2026-04-04 21:05:00
DPX1-0013,系统界面简洁，常用功能入口清楚，家里老人上手也不费劲,5,2026-04-05 10:22:00
DPX1-0014,价格赶上活动还算划算，同配置里性价比挺突出，推荐给朋友了,5,2026-04-05 12:36:00
DPX1-0015,指纹解锁速度很快，戴口罩的时候也不用反复输密码，体验顺手,5,2026-04-05 18:44:00
DPX1-0016,屏幕刷新率高，滑动页面很跟手，浏览商品和看新闻都很舒服,5,2026-04-06 08:59:00
DPX1-0017,后盖颜色比图片更耐看，质感不像这个价位的手机，拿在手里挺高级,5,2026-04-06 13:12:00
DPX1-0018,拍文件很清楚，自动裁切也准确，用来记录票据和课堂板书很方便,5,2026-04-06 19:48:00
DPX1-0019,电池很耐用，导航加音乐连续用几个小时也没掉太快，通勤党很满意,5,2026-04-07 09:41:00
DPX1-0020,信号表现稳定，地铁和地下车库里也没有经常断网，比旧手机强不少,5,2026-04-07 14:08:00
DPX1-0021,包装设计很简洁，配件摆放整齐，手机没有划痕，第一印象不错,5,2026-04-07 20:17:00
DPX1-0022,视频防抖效果不错，边走边拍也不晃得难受，适合记录旅行,5,2026-04-08 08:31:00
DPX1-0023,系统动画顺滑，通知管理也清楚，广告打扰比预想少很多,4,2026-04-08 11:52:00
DPX1-0024,用了一周整体满意，屏幕，续航，拍照都比较均衡，没有明显短板,5,2026-04-08 16:30:00
DPX1-0025,快充头温度控制得还可以，边充边看视频也没有明显烫手,4,2026-04-09 09:06:00
DPX1-0026,售后指导很耐心，数据迁移遇到问题很快解决，整个过程省心,5,2026-04-09 13:25:00
DPX1-0027,屏幕护眼模式挺舒服，晚上阅读不刺眼，色温调节也比较细,5,2026-04-09 22:10:00
DPX1-0028,主摄解析力不错，拍宠物毛发细节很清楚，对焦速度也快,5,2026-04-10 10:02:00
DPX1-0029,运行大型应用没有压力，后台保留也不错，来回切换不用重新加载,5,2026-04-10 15:49:00
DPX1-0030,外放声音有层次，视频通话收音清晰，家人说我这边声音很稳,4,2026-04-10 21:36:00
DPX1-0031,机身边框处理细腻，没有割手感，按键反馈清脆，做工能看出用心,5,2026-04-11 09:14:00
DPX1-0032,系统自带的相册搜索很好用，按地点和人物找照片很方便,4,2026-04-11 12:48:00
DPX1-0033,到货后用了几天才来评价，电池稳定，屏幕清楚，整体符合宣传,5,2026-04-11 18:20:00
DPX1-0034,手机壳和贴膜都能轻松买到，配件生态比较完善，这点很加分,4,2026-04-12 08:57:00
DPX1-0035,拍夜景灯牌不会糊成一片，高光压得住，成片比预想好看,5,2026-04-12 14:33:00
DPX1-0036,客服主动提醒验机步骤，发票也开得很快，购买流程很顺利,5,2026-04-12 19:24:00
DPX1-0037,面部识别速度很快，弱光下也能解锁，日常体验很顺畅,5,2026-04-13 09:38:00
DPX1-0038,手机散热比预期好，连续拍视频有温热但不影响使用,4,2026-04-13 15:06:00
DPX1-0039,整体质感和性能都不错，作为主力机完全够用，家人也准备再买一台,5,2026-04-13 21:18:00
DPX1-0040,价格不算最低，但屏幕和续航表现对得起这个价位，综合满意,4,2026-04-14 10:10:00
DPX1-0041,手机整体还可以，屏幕看着舒服，不过系统里有些设置入口需要适应,3,2026-04-14 13:42:00
DPX1-0042,拍照白天效果不错，夜景一般，暗处细节会少一些，日常记录够用,3,2026-04-14 20:03:00
DPX1-0043,续航中规中矩，轻度使用一天没问题，玩游戏多的话还是要补电,3,2026-04-15 08:48:00
DPX1-0044,外观挺好看，机身稍微有点滑，建议一定配手机壳使用,3,2026-04-15 12:27:00
DPX1-0045,性能日常使用没问题，偶尔打开相机有一点等待，整体可以接受,3,2026-04-15 18:39:00
DPX1-0046,扬声器声音大但低音一般，听歌不算惊艳，刷视频够用,3,2026-04-16 09:05:00
DPX1-0047,快充速度不错，不过充电器体积稍大，出门携带不是特别方便,3,2026-04-16 14:51:00
DPX1-0048,系统功能挺多，刚开始需要花时间整理通知和权限，熟悉后还行,3,2026-04-16 21:16:00
DPX1-0049,包装完整，手机没问题，只是发货比页面预计晚了一天，体验略有影响,3,2026-04-17 10:34:00
DPX1-0050,屏幕素质不错，但默认色彩偏鲜艳，我手动调了一下才舒服,3,2026-04-17 15:20:00
DPX1-0051,相机功能很多，普通模式好用，专业模式对新手来说稍微复杂,3,2026-04-17 19:57:00
DPX1-0052,手机重量能接受，但长时间横屏游戏还是会觉得有点压手,3,2026-04-18 09:26:00
DPX1-0053,指纹识别大多数时候很快，手上有水的时候会失败，需要擦干再解锁,3,2026-04-18 13:45:00
DPX1-0054,售后回复速度一般，问题最终解决了，但中间等了比较久,3,2026-04-18 20:30:00
DPX1-0055,价格优惠后还可以，原价购买的话我会觉得性价比一般,3,2026-04-19 08:54:00
DPX1-0056,拍视频效果稳定，收音一般，嘈杂环境里人声不够突出,3,2026-04-19 12:18:00
DPX1-0057,系统升级后体验变顺了，刚收到时有几处小问题，现在基本能接受,3,2026-04-19 17:46:00
DPX1-0058,整体没有明显硬伤，也没有特别惊喜，适合预算有限又想要均衡配置的人,3,2026-04-20 09:22:00
DPX1-0059,手机到手第一天就发热明显，刷视频半小时后背很烫，体验不太好,2,2026-04-20 13:11:00
DPX1-0060,系统偶尔卡顿，打开购物软件会出现短暂停顿，希望后续更新优化,2,2026-04-20 18:04:00
DPX1-0061,相机夜景表现让我失望，灯光边缘糊得比较明显，暗部细节也少,2,2026-04-21 09:37:00
DPX1-0062,电池掉电比预期快，上午满电出门，下午就需要找充电器,2,2026-04-21 12:55:00
DPX1-0063,屏幕边缘有轻微偏色，看白色背景时比较明显，已经申请售后检测,2,2026-04-21 19:28:00
DPX1-0064,物流外箱被压变形，虽然手机没坏，但开箱心情很受影响,2,2026-04-22 08:43:00
DPX1-0065,客服回复模板化，问了两次都没有解决实际问题，服务体验一般,2,2026-04-22 14:09:00
DPX1-0066,充电时温度升得快，拿在手里明显发烫，不敢边充边用,2,2026-04-22 20:21:00
DPX1-0067,游戏时掉帧比较明显，宣传说性能强，但实际体验没有达到预期,2,2026-04-23 09:50:00
DPX1-0068,机身缝隙里有一点灰，做工细节不够好，和宣传图片差距较大,2,2026-04-23 13:32:00
DPX1-0069,扬声器有轻微杂音，音量开到最大时尤其明显，听歌很影响心情,2,2026-04-23 18:58:00
DPX1-0070,面部识别经常失败，晚上开灯也要试好几次，解锁体验比较烦,2,2026-04-24 08:25:00
DPX1-0071,收到的贴膜边缘翘起，客服说不影响使用，但我觉得细节做得不好,2,2026-04-24 12:40:00
DPX1-0072,系统广告推送偏多，关了好几个入口还是偶尔弹出，影响使用感受,2,2026-04-24 21:12:00
DPX1-0073,通话时对方说声音忽大忽小，换了地方也一样，准备去售后看看,2,2026-04-25 09:16:00
DPX1-0074,屏幕触控偶尔不灵敏，打字会漏按，重启后能缓解但没有彻底解决,1,2026-04-25 15:29:00
DPX1-0075,用了三天出现自动重启，资料差点没保存，已经退货，体验很差,1,2026-04-25 20:47:00
DPX1-0076,续航虚标严重，轻度使用也撑不到一天，不符合我的预期,1,2026-04-26 08:38:00
DPX1-0077,相机对焦慢，拍孩子经常糊，连续拍摄也容易发热，比较失望,1,2026-04-26 13:05:00
DPX1-0078,售后处理速度太慢，提交问题后两天没有明确答复，不推荐,1,2026-04-26 18:33:00
DPX1-0079,机身有异响，轻轻晃动能听到声音，感觉品控不稳定,1,2026-04-27 09:44:00
DPX1-0080,网络连接不稳定，家里同一个位置旧手机正常，这台经常掉线,1,2026-04-27 14:22:00
